{"w1":{"v":1,"dim":[4,2],"data":[-1.9313976356651934,-2.486982703998948,2.1005968144155385,1.2083061468224854,6.070975942355084,-6.5449593606121645,-5.307504165824276,4.735866128892901]},"b1":{"v":1,"dim":[4],"data":[4.27672458706077,0.1667828623448287,3.6334985194196556,2.890276637796073]},"w2":{"v":1,"dim":[1,4],"data":[5.056201904653469,4.361737070139393,-8.242701743102318,-7.559745018760542]},"b2":{"v":1,"dim":[1],"data":[4.078156081999682]}}